RAdeg,DEdeg
0.024685,28.481815
0.0896244,0.4362708
0.604239,1.034993
0.770677,30.336443
1.004397,19.031025
1.491134,17.112939
1.54172,26.057774
1.772465,15.565246
1.865002,3.706965
2.290978,32.46851
2.291661,25.217688
2.531697,9.513229
2.5747398,-0.2177568
2.667888,35.990961
